{"count":1,"self":0.383075,"total":2.865415,"children":{"AgentResetIfDone":{"count":17,"self":0.00035299999999999996,"total":0.00035299999999999996,"children":null},"AgentSendState":{"count":17,"self":0.0015329999999999999,"total":0.002862,"children":{"CollectObservations":{"count":144,"self":0.0013289999999999999,"total":0.0013289999999999999,"children":null}}},"DecideAction":{"count":17,"self":2.46841,"total":2.475475,"children":{"AgentInfo.ToProto":{"count":4,"self":0.007065,"total":0.007065,"children":null}}},"AcademyStep":{"count":17,"self":7.3E-05,"total":7.3E-05,"children":null},"AgentAct":{"count":17,"self":0.001249,"total":0.001249,"children":null}}}